url_length,num_dots,num_hyphens,num_digits,num_special_chars,has_https,has_ip,brand_similarity,NoOfExternalRef,LineOfCode,HasSocialNet,IsResponsive,NoOfiFrame,label
18,1,0,0,0,1,0,1.0,0,156,0,0,0,1
22,1,0,0,0,1,0,0.4444444444444444,2,944,1,1,0,1
20,1,0,0,0,1,0,1.0,0,139,1,1,0,1
21,1,0,0,0,1,0,1.0,9,14167,1,1,0,1
19,1,0,0,0,1,0,0.4,1,23,0,1,1,1
17,1,0,0,0,1,0,1.0,1,1856,1,1,0,1
21,1,0,0,0,1,0,1.0,0,118,1,1,0,1
15,1,0,0,0,1,0,0.4444444444444444,0,17,0,1,0,1
19,1,0,0,0,1,0,0.35294117647058826,17,79,0,1,0,1
20,1,0,0,0,1,0,1.0,0,32,1,1,0,1
18,1,0,0,0,1,0,0.46153846153846156,203,3933,1,1,0,1
17,1,0,0,0,1,0,0.4,264,506,1,1,0,1
16,1,0,0,0,1,0,0.5454545454545454,2,73,0,1,0,1
18,1,0,0,0,1,0,0.2857142857142857,13,561,1,1,0,1
21,1,0,0,0,1,0,0.5882352941176471,7,969,0,1,0,1
20,1,0,0,0,1,0,0.46153846153846156,122,34,1,1,0,1
23,1,0,0,0,1,0,0.35294117647058826,32,2099,1,1,1,1
19,1,0,0,0,1,0,1.0,3,30654,0,1,0,1
17,1,0,0,0,1,0,0.46153846153846156,9,174,1,1,0,1
22,1,0,0,0,1,0,0.4,158,310,1,1,0,1
16,1,0,0,0,1,0,0.2857142857142857,9,23,0,1,1,1
21,1,0,0,0,1,0,0.2857142857142857,18,944,1,1,1,1
17,1,0,0,0,1,0,0.4,9,1677,0,1,0,1
23,1,0,0,0,1,0,0.3076923076923077,180,3933,1,1,0,1
25,1,0,0,0,1,0,0.631578947368421,6,102,0,1,0,1
13,1,0,0,0,1,0,0.25,2,79,0,1,0,1
18,1,0,0,0,1,0,0.3076923076923077,0,21,0,1,0,1
21,1,0,0,0,1,0,0.4444444444444444,1,1964,1,1,0,1
20,1,0,0,0,1,0,0.46153846153846156,26,34,1,1,0,1
18,1,0,0,0,1,0,0.4,0,603,1,1,0,1
17,1,0,0,0,1,0,0.46153846153846156,16,72,1,1,0,1
22,1,0,0,0,1,0,0.4444444444444444,42,1224,1,1,2,1
29,1,0,0,0,1,0,0.5217391304347826,4,156,0,0,0,1
15,1,0,0,0,1,0,0.4444444444444444,0,91,0,1,0,1
15,1,0,0,0,1,0,0.4,8,194,1,1,0,1
17,1,0,0,0,1,0,0.4,0,1508,1,1,0,1
19,1,0,0,0,1,0,0.42857142857142855,0,135,0,1,0,1
13,1,0,0,0,1,0,0.4444444444444444,59,33,1,1,0,1
17,1,0,0,0,1,0,0.5,13,84,0,1,0,1
15,1,0,0,0,1,0,0.4,272,2881,1,1,1,1
17,1,0,0,0,1,0,0.36363636363636365,4,48,1,1,2,1
18,1,0,0,0,1,0,0.46153846153846156,8,7,0,1,0,1
19,1,0,0,0,1,0,0.4,137,269,0,1,0,1
19,1,0,0,0,1,0,0.3076923076923077,26,920,1,1,0,1
14,1,0,0,0,1,0,0.0,24,222,0,1,3,1
17,1,0,0,0,1,0,0.4444444444444444,10,3005,1,1,1,1
19,1,0,0,0,1,0,0.46153846153846156,7,7404,1,1,0,1
20,1,0,0,0,1,0,0.47058823529411764,0,938,0,1,0,1
19,1,0,0,0,1,0,0.4,9,939,1,1,0,1
17,1,0,0,0,1,0,0.5,226,60,1,1,0,1
21,1,0,0,0,1,0,0.2857142857142857,17,3713,1,1,0,1
21,1,0,0,0,1,0,0.42857142857142855,10,2396,1,1,1,1
14,1,0,0,0,1,0,0.4,0,50,0,0,0,1
17,1,0,0,0,1,0,0.4,32,2302,1,1,0,1
18,1,0,0,0,1,0,0.42857142857142855,0,93,0,1,0,1
14,1,0,0,0,1,0,0.2222222222222222,5,2095,1,1,0,1
12,1,0,0,0,1,0,0.25,2,284,0,1,0,1
17,1,1,0,0,1,0,0.4444444444444444,33,654,1,1,0,1
14,1,0,0,0,1,0,0.4,198,2203,1,1,0,1
17,1,0,0,0,1,0,0.4,0,196,0,1,0,1
28,1,1,0,0,1,0,0.5454545454545454,31,1820,1,1,1,1
29,1,1,0,0,1,0,0.38461538461538464,1,43,0,1,0,1
14,1,0,0,0,1,0,0.3333333333333333,0,257,0,1,0,1
20,1,0,0,0,1,0,0.3333333333333333,3,107,1,1,0,1
17,1,0,0,0,1,0,0.2857142857142857,28,316,0,0,0,1
18,1,0,0,0,1,0,0.42857142857142855,13,3441,1,1,1,1
14,1,0,1,0,1,0,0.2222222222222222,8,60,1,1,0,1
18,1,0,0,0,1,0,0.5454545454545454,10,830,1,1,0,1
20,1,0,0,0,1,0,0.46153846153846156,23,145,0,1,0,1
18,1,0,0,0,1,0,0.375,68,1357,1,1,0,1
19,1,0,1,0,1,0,0.2857142857142857,34,8,1,1,0,1
15,1,0,0,0,1,0,0.4,10,1555,1,1,1,1
19,1,0,0,0,1,0,0.375,11,343,1,1,0,1
21,1,0,0,0,1,0,0.42857142857142855,64,119,1,1,1,1
18,1,0,0,0,1,0,0.42857142857142855,16,604,1,1,0,1
19,1,0,0,0,1,0,1.0,16,30654,0,1,0,1
19,1,0,0,0,1,0,0.5,0,32,0,1,0,1
14,1,0,0,0,1,0,0.3076923076923077,0,50,0,0,0,1
19,1,0,0,0,1,0,0.36363636363636365,1,56,0,0,0,1
20,1,0,0,0,1,0,0.4,10,900,1,1,0,1
19,1,0,0,0,1,0,0.42857142857142855,2,846,1,1,1,1
18,1,0,0,0,1,0,0.3076923076923077,4,611,0,1,0,1
15,1,0,0,0,1,0,0.5454545454545454,10,139,0,1,0,1
18,1,0,0,0,1,0,1.0,8,214,0,1,1,1
19,1,0,0,0,1,0,0.375,12,1357,1,1,0,1
20,1,0,0,0,1,0,0.6153846153846154,16,264,1,1,0,1
31,1,0,0,0,1,0,0.34782608695652173,11,528,1,1,1,1
22,1,0,0,0,1,0,0.25,5,220,0,1,0,1
13,1,0,0,0,1,0,0.3333333333333333,0,257,0,1,0,1
19,1,0,0,0,1,0,0.375,30,108,1,1,0,1
14,1,0,0,0,1,0,0.5454545454545454,18,68,0,1,0,1
16,1,0,0,0,1,0,0.4,22,251,0,1,0,1
18,1,0,0,0,1,0,0.46153846153846156,46,374,1,1,0,1
17,1,0,0,0,1,0,0.4444444444444444,22,2766,1,1,0,1
14,1,0,1,0,1,0,0.2222222222222222,2,516,0,1,0,1
15,1,0,0,0,1,0,0.36363636363636365,28,24739,1,1,0,1
26,1,0,0,0,1,0,0.43478260869565216,87,2101,1,1,1,1
23,1,0,0,0,1,0,0.42105263157894735,13,570,1,1,0,1
18,1,0,0,0,1,0,0.5,158,1286,1,1,0,1
27,1,0,0,0,1,0,0.38095238095238093,27,831,1,1,0,1
17,1,0,0,0,1,0,0.46153846153846156,16,847,1,1,1,1
19,1,0,0,0,1,0,0.5333333333333333,14,1438,1,1,1,1
18,1,0,0,0,1,0,0.42857142857142855,67,202,1,1,0,1
15,1,0,0,0,1,0,0.36363636363636365,5,689,1,1,0,1
16,1,0,0,0,1,0,0.3333333333333333,10,163,0,1,0,1
19,1,0,0,0,1,0,0.5333333333333333,14,12,1,1,0,1
15,1,0,0,0,1,0,0.4,4,971,1,1,0,1
19,1,1,0,0,1,0,0.5,40,148,1,1,0,1
16,1,0,0,0,1,0,0.36363636363636365,15,289,0,1,1,1
17,1,0,0,0,1,0,0.4,22,746,1,1,0,1
15,1,0,0,0,1,0,0.5,5,695,1,1,1,1
18,1,0,0,0,1,0,0.5454545454545454,15,285,1,1,1,1
17,1,0,0,0,1,0,0.4,4,146,0,1,0,1
17,2,0,0,0,1,0,0.4,38,15,0,1,0,1
12,1,0,0,0,1,0,0.25,13,50,0,0,0,1
16,1,0,0,0,1,0,0.46153846153846156,9,1112,1,1,3,1
18,1,0,0,0,1,0,0.4,52,5039,1,1,1,1
19,1,0,0,0,1,0,0.375,0,257,0,1,0,1
23,1,0,0,0,1,0,0.38095238095238093,7,2847,1,1,0,1
19,1,0,0,0,1,0,0.35294117647058826,11,1769,1,1,0,1
20,1,0,0,0,1,0,0.4,6,1513,1,1,2,1
19,1,0,0,0,1,0,0.4,24,2247,1,1,1,1
20,1,0,0,0,1,0,0.5882352941176471,1,284,0,1,0,1
17,1,0,0,0,1,0,0.42857142857142855,11,3304,1,1,0,1
21,1,0,0,0,1,0,0.5882352941176471,16,190,0,1,0,1
19,1,0,0,0,1,0,0.375,17,7749,1,1,0,1
18,1,0,0,0,1,0,0.36363636363636365,13,96,0,1,0,1
15,1,0,0,0,1,0,0.3076923076923077,12,2315,1,1,1,1
29,1,0,0,0,1,0,0.4,2,352,0,1,1,1
21,1,0,0,0,1,0,0.42857142857142855,10,511,0,1,0,1
17,1,0,0,0,1,0,0.5714285714285714,4,147,1,1,0,1
18,1,0,0,0,1,0,0.5714285714285714,18,1669,1,1,0,1
16,1,0,0,0,1,0,0.3333333333333333,5,234,1,1,1,1
20,1,0,0,0,1,0,0.46153846153846156,4,185,1,1,0,1
15,1,0,0,0,1,0,0.36363636363636365,3,3872,1,1,1,1
18,1,0,0,0,1,0,0.5714285714285714,12,122,0,1,0,1
20,1,0,0,0,1,0,0.47058823529411764,0,88,0,1,0,1
18,1,0,0,0,1,0,0.3333333333333333,3,3538,1,1,1,1
19,1,0,0,0,1,0,0.375,0,199,0,1,0,1
21,1,0,0,0,1,0,0.5714285714285714,0,22,1,1,2,1
18,1,0,0,0,1,0,0.46153846153846156,10,3814,1,1,0,1
18,1,0,0,0,1,0,0.4,17,19,1,1,0,1
17,1,0,0,0,1,0,0.46153846153846156,0,282,0,0,0,1
19,1,0,0,0,1,0,0.4,31,1009,1,1,0,1
14,1,0,0,0,1,0,0.2857142857142857,6,16677,1,1,1,1
18,2,0,0,0,1,0,0.4444444444444444,3,1183,0,1,0,1
19,1,0,0,0,1,0,0.375,17,3035,1,1,1,1
18,1,0,0,0,1,0,0.6153846153846154,3,335,0,1,0,1
24,1,0,0,0,1,0,0.38095238095238093,14,3834,0,1,0,1
19,1,0,0,0,1,0,0.42857142857142855,0,1254,0,1,0,1
20,1,0,0,0,1,0,0.375,26,1856,1,1,0,1
17,1,0,0,0,1,0,0.5,18,16558,1,1,0,1
15,1,0,0,0,1,0,0.5,29,1021,1,1,0,1
17,1,0,0,0,1,0,0.4444444444444444,13,120,1,1,0,1
20,1,0,0,0,1,0,0.375,1,336,0,1,0,1
24,1,0,0,0,1,0,0.36363636363636365,0,138,0,1,0,1
13,1,0,0,0,1,0,0.4,20,238,0,1,1,1
21,1,0,0,0,1,0,0.7142857142857143,11,7182,1,1,1,1
24,1,0,0,0,1,0,0.6,2,7,1,1,0,1
19,1,0,0,0,1,0,0.5882352941176471,2,284,0,1,0,1
15,1,0,0,0,1,0,0.3076923076923077,6,57,0,1,0,1
22,1,0,0,0,1,0,0.75,14,5511,1,1,1,1
21,1,0,0,0,1,0,0.4,6,581,1,1,2,1
15,1,0,0,0,1,0,0.46153846153846156,0,730,0,1,0,1
22,1,0,0,0,1,0,0.4,17,10445,0,1,0,1
24,1,0,0,0,1,0,0.375,6,47,1,1,0,1
15,1,0,0,0,1,0,0.2857142857142857,19,1560,0,1,0,1
16,1,0,0,0,1,0,0.5454545454545454,7,92,1,1,1,1
18,1,0,0,0,1,0,0.42857142857142855,0,238,0,1,0,1
14,1,0,0,0,1,0,0.6666666666666666,13,134,1,1,1,1
25,1,0,0,0,1,0,0.4,31,1367,1,1,1,1
14,1,0,0,0,1,0,0.3333333333333333,0,201,0,1,0,1
23,1,0,0,0,1,0,0.4,44,4369,0,1,0,1
20,1,0,0,0,1,0,0.375,0,275,0,0,0,1
15,1,0,0,0,1,0,0.25,13,1164,1,1,0,1
24,1,0,0,0,1,0,0.3333333333333333,10,5934,1,1,0,1
18,1,0,0,0,1,0,0.6,8,1367,1,1,0,1
17,1,0,0,0,1,0,0.5,0,26,0,1,0,1
22,1,0,0,0,1,0,0.4444444444444444,0,1792,1,1,1,1
17,1,0,0,0,1,0,0.3076923076923077,0,193,0,1,0,1
15,1,0,0,0,1,0,0.4,0,1365,1,1,0,1
17,1,0,0,0,1,0,0.46153846153846156,26,415,1,1,0,1
26,1,0,0,0,1,0,0.34782608695652173,14,791,1,1,0,1
19,1,0,0,0,1,0,0.3333333333333333,9,259,0,1,0,1
17,1,0,0,0,1,0,0.46153846153846156,2,969,1,1,1,1
23,1,0,0,0,1,0,0.3333333333333333,11,733,1,1,0,1
17,1,0,0,0,1,0,1.0,2,33,0,0,0,1
20,1,0,0,0,1,0,0.47058823529411764,14,5416,1,1,1,1
18,1,0,0,0,1,0,0.5714285714285714,168,6989,1,1,1,1
19,1,0,0,0,1,0,1.0,2,13,1,1,0,1
20,1,0,0,0,1,0,0.46153846153846156,13,517,1,1,1,1
18,1,0,0,0,1,0,0.42857142857142855,13,17014,1,1,0,1
19,1,0,0,0,1,0,0.4,27,2189,1,1,1,1
18,1,1,0,0,1,0,0.5,0,30,0,1,0,1
17,1,0,0,0,1,0,0.6,25,357,1,1,0,1
18,1,0,0,0,1,0,0.3333333333333333,4,301,1,1,0,1
19,1,0,0,0,1,0,0.3333333333333333,12,414,1,1,0,1
20,1,0,0,0,1,0,0.5333333333333333,9,10116,1,1,0,1
21,1,0,0,0,1,0,0.375,31,1046,0,1,0,1
22,1,1,0,0,1,0,0.4444444444444444,4,85,0,1,0,1
23,1,0,0,0,1,0,0.7058823529411765,2,23,0,1,0,1
19,1,1,0,0,1,0,0.5333333333333333,100,4176,1,1,0,1
16,1,0,0,0,1,0,0.5,2,183,0,1,0,1
16,1,0,0,0,1,0,0.5,5,1952,1,1,2,1
18,1,0,0,0,1,0,0.46153846153846156,1,7,0,1,0,1
15,1,0,3,0,1,0,0.0,33,3857,0,1,2,1
21,1,0,0,0,1,0,0.3333333333333333,0,56,0,1,0,1
22,1,0,0,0,1,0,0.375,5,59,0,1,0,1
17,1,0,0,0,1,0,0.36363636363636365,43,736,1,1,0,1
20,1,0,0,0,1,0,0.5,23,103,0,1,0,1
23,1,0,0,0,1,0,0.5,126,1162,1,1,1,1
23,1,0,0,0,1,0,0.47058823529411764,0,180,0,1,0,1
15,1,0,0,0,1,0,0.6666666666666666,2,453,0,1,1,1
17,1,0,0,0,1,0,0.36363636363636365,48,589,0,1,1,1
16,1,0,0,0,1,0,0.42857142857142855,0,44,1,1,0,1
23,1,0,0,0,1,0,0.7058823529411765,50,2269,0,1,0,1
17,1,0,0,0,1,0,0.5,21,1959,1,1,0,1
16,1,0,0,0,1,0,0.3333333333333333,0,231,1,1,0,1
26,1,0,0,0,1,0,0.4,37,659,0,1,0,1
18,1,0,0,0,1,0,0.42857142857142855,4,641,0,1,0,1
26,1,0,0,0,1,0,0.45454545454545453,1,210,0,1,1,1
16,1,0,0,0,1,0,0.3333333333333333,20,1199,1,1,0,1
27,1,0,0,0,1,0,0.43478260869565216,22,7597,1,1,3,1
20,1,0,0,0,1,0,0.5,3,497,0,1,0,1
14,1,0,0,0,1,0,0.2857142857142857,171,3713,1,1,0,1
17,1,0,0,0,1,0,0.5,6,2767,1,1,0,1
21,1,0,0,0,1,0,0.5333333333333333,8,1201,1,0,0,1
17,1,0,0,0,1,0,0.3076923076923077,17,19,1,1,0,1
16,1,0,0,0,1,0,0.3076923076923077,7,26,0,1,0,1
28,1,0,0,0,1,0,0.36363636363636365,6,4343,1,1,0,1
19,2,0,0,0,1,0,0.46153846153846156,16,58,0,1,1,1
14,1,0,0,0,1,0,0.5,80,382,1,1,0,1
19,1,0,0,0,1,0,0.5333333333333333,1,3609,1,1,0,1
19,2,0,0,0,1,0,0.5454545454545454,152,5790,0,0,0,1
21,1,0,0,0,1,0,0.2857142857142857,19,172,1,1,1,1
16,1,0,0,0,1,0,0.5,12,79,1,1,0,1
21,1,0,0,0,1,0,0.26666666666666666,140,5553,1,1,0,1
20,1,0,0,0,1,0,0.5882352941176471,16,3414,1,1,0,1
20,1,0,0,0,1,0,0.47058823529411764,17,3590,1,1,1,1
16,1,0,0,0,1,0,0.5454545454545454,15,1867,1,1,0,1
17,1,0,0,0,1,0,0.3333333333333333,3,399,0,1,0,1
18,1,0,0,0,1,0,0.36363636363636365,20,300,0,1,0,1
20,1,0,0,0,1,0,0.42857142857142855,13,611,0,1,0,1
14,1,0,0,0,1,0,0.36363636363636365,102,197,1,1,1,1
18,1,0,0,0,1,0,0.36363636363636365,7,4676,1,1,1,1
18,1,0,0,0,1,0,0.3333333333333333,2,746,0,1,0,1
15,1,0,0,0,1,0,0.3333333333333333,51,8378,1,1,1,1
17,1,0,0,0,1,0,0.36363636363636365,29,564,1,1,0,1
18,1,0,0,0,1,0,0.2857142857142857,21,22,1,1,1,1
15,1,0,0,0,1,0,0.5,9,27,1,1,0,1
22,1,0,0,0,1,0,0.5333333333333333,31,43,1,1,0,1
17,1,0,0,0,1,0,0.4,0,1650,1,1,0,1
21,1,0,0,0,1,0,0.4,23,38139,0,1,0,1
20,1,0,0,0,1,0,0.5,19,5405,1,1,1,1
18,1,0,0,0,1,0,0.5454545454545454,9,7446,1,1,0,1
19,1,0,0,0,1,0,0.4,99,9245,1,1,0,1
17,1,0,0,0,1,0,1.0,4,156,0,0,0,1
22,1,0,0,0,1,0,0.47058823529411764,9,489,1,1,0,1
19,1,0,0,0,1,0,0.46153846153846156,0,938,0,1,0,1
21,2,0,0,0,1,0,1.0,2,156,0,0,0,1
20,1,0,0,0,1,0,0.4,0,77,0,1,0,1
20,1,0,0,0,1,0,0.47058823529411764,0,257,0,1,0,1
21,1,0,0,0,1,0,0.5,0,492,1,1,1,1
19,1,0,0,0,1,0,0.42857142857142855,14,1009,1,1,0,1
22,1,0,0,0,1,0,0.4,0,88,0,1,0,1
24,1,0,0,0,1,0,0.3157894736842105,128,3554,1,1,0,1
17,1,0,0,0,1,0,0.46153846153846156,16,2647,1,1,1,1
16,1,0,0,0,1,0,0.3333333333333333,21,7253,1,1,1,1
22,1,0,0,0,1,0,0.5263157894736842,19,5599,1,1,0,1
18,1,0,0,0,1,0,0.4,44,353,1,1,0,1
15,1,0,0,0,1,0,0.25,10,1093,1,1,2,1
19,1,0,0,0,1,0,0.46153846153846156,13,604,1,1,0,1
23,1,0,0,0,1,0,0.4,48,489,1,1,1,1
30,1,0,0,0,1,0,0.38461538461538464,1,10,0,0,0,1
20,1,1,0,0,1,0,0.42857142857142855,16,9250,1,1,0,1
16,1,0,0,0,1,0,0.4444444444444444,3,334,0,0,0,1
23,1,0,0,0,1,0,0.5263157894736842,2,564,0,0,0,1
16,1,0,0,0,1,0,0.46153846153846156,8,1415,1,1,1,1
21,1,0,0,0,1,0,0.47058823529411764,8,3563,1,1,0,1
20,1,0,0,0,1,0,0.35294117647058826,23,192,1,1,0,1
25,1,0,0,0,1,0,0.5,2,46,0,1,0,1
19,1,0,0,0,1,0,0.5333333333333333,6,1805,1,1,2,1
22,1,0,0,0,1,0,0.5263157894736842,12,261,1,0,0,1
16,1,0,1,0,1,0,0.3333333333333333,5,284,1,1,0,1
20,1,0,0,0,1,0,0.6,3,57,0,1,0,1
20,1,0,3,0,1,0,0.375,0,39,1,1,0,1
16,1,0,0,0,1,0,0.4444444444444444,10,549,1,1,2,1
26,1,1,0,0,1,0,0.43478260869565216,15,1438,1,1,0,1
21,1,0,0,0,1,0,0.375,1,470,1,1,0,1
21,2,0,0,0,1,0,0.4,84,5704,1,1,0,1
18,2,0,0,0,1,0,0.4444444444444444,17,1145,1,1,0,1
22,1,0,0,0,1,0,0.3333333333333333,5,4100,1,1,0,1
20,1,0,0,0,1,0,0.3333333333333333,12,1038,1,1,0,1
21,1,0,0,0,1,0,0.5,11,150,1,1,1,1
21,1,0,0,0,1,0,0.47058823529411764,19,31,1,1,1,1
21,2,0,0,0,1,0,0.36363636363636365,0,64,0,1,1,1
18,1,0,0,0,1,0,0.46153846153846156,1,161,0,1,0,1
14,1,0,0,0,1,0,0.5714285714285714,5,886,0,1,0,1
18,1,0,0,0,1,0,0.4,29,92,1,1,2,1
23,1,0,0,0,1,0,0.47058823529411764,14,21,1,1,3,1
16,1,0,0,0,1,0,0.36363636363636365,29,823,1,1,0,1
24,1,0,0,0,1,0,0.42105263157894735,11,617,1,1,0,1
15,1,0,0,0,1,0,0.4,17,6474,1,1,0,1
16,1,0,0,0,1,0,0.3333333333333333,110,8823,1,1,0,1
19,1,0,0,0,1,0,0.375,0,17,0,1,0,1
19,1,0,0,0,1,0,0.36363636363636365,4,290,1,1,0,1
19,1,0,0,0,1,0,0.4,0,73,1,1,0,1
23,1,0,0,0,1,0,0.38095238095238093,10,2213,1,1,0,1
15,1,0,0,0,1,0,0.3076923076923077,16,1663,1,1,0,1
24,1,0,0,0,1,0,0.3333333333333333,10,22,1,1,0,1
20,1,0,0,0,1,0,0.4,1,5243,1,1,0,1
18,1,0,0,0,1,0,0.375,12,6,1,1,1,1
21,1,0,0,0,1,0,0.375,84,1309,1,1,0,1
21,1,0,0,0,1,0,0.42857142857142855,89,5972,1,1,0,1
20,1,0,0,0,1,0,0.5,8,176,1,1,0,1
21,1,0,0,0,1,0,0.4,4,37965,1,1,0,1
14,1,0,0,0,1,0,0.3333333333333333,3,1088,0,1,1,1
19,1,0,0,0,1,0,0.375,10,652,1,1,0,1
16,1,0,0,0,1,0,0.5,17,77,1,1,0,1
19,1,0,0,0,1,0,0.4,2,1273,1,1,1,1
15,1,0,0,0,1,0,0.3333333333333333,9,1639,1,1,0,1
24,1,0,0,0,1,0,0.36363636363636365,13,1736,1,1,1,1
14,1,0,3,0,1,0,0.0,102,340,0,1,0,1
19,1,0,0,0,1,0,0.375,11,18812,0,1,0,1
22,1,0,0,0,1,0,0.26666666666666666,8,4657,1,1,0,1
18,1,0,0,0,1,0,0.3076923076923077,15,1206,0,1,0,1
22,1,0,0,0,1,0,0.75,4,156,0,0,0,1
23,2,0,0,0,1,0,0.5,1,56,0,0,0,1
17,1,0,0,0,1,0,0.6153846153846154,2,2195,1,1,2,1
15,1,0,0,0,1,0,0.25,4,62,0,0,0,1
24,2,0,0,0,1,0,0.4444444444444444,3,569,1,1,0,1
15,1,0,0,0,1,0,0.25,0,393,1,1,0,1
18,1,0,0,0,1,0,0.4,6,7109,1,1,0,1
22,2,0,0,0,1,0,0.42857142857142855,3,1183,0,1,0,1
16,1,0,0,0,1,0,0.5,8,374,1,1,1,1
22,1,0,0,0,1,0,0.42105263157894735,10,3132,1,1,1,1
17,1,0,0,0,1,0,0.46153846153846156,17,496,1,1,1,1
19,1,0,0,0,1,0,0.5882352941176471,57,16,1,1,0,1
19,1,0,0,0,1,0,0.5333333333333333,23,8609,1,1,4,1
20,1,0,0,0,1,0,0.5,16,18,1,1,2,1
23,1,0,0,0,1,0,0.42105263157894735,0,662,0,1,0,1
18,1,0,0,0,1,0,0.3076923076923077,21,141,1,1,0,1
22,1,0,0,0,1,0,0.3333333333333333,3,563,0,1,0,1
16,1,0,0,0,1,0,0.6666666666666666,0,73,1,1,0,1
16,1,0,0,0,1,0,0.5454545454545454,22,3351,1,1,1,1
14,1,0,0,0,1,0,0.4,25,139,1,1,0,1
20,1,0,0,0,1,0,0.6153846153846154,9,91,0,1,1,1
18,1,0,0,0,1,0,0.46153846153846156,10,62,1,1,1,1
19,1,0,2,0,1,0,0.4,38,3940,0,1,0,1
18,2,0,0,0,1,0,0.5,0,13,0,0,0,1
25,2,0,0,0,1,0,0.42105263157894735,23,68,1,1,1,1
24,1,0,0,0,1,0,0.3333333333333333,0,13,0,1,0,1
20,1,0,0,0,1,0,0.5714285714285714,2,1378,1,1,0,1
21,1,0,0,0,1,0,0.5,1,56,0,0,0,1
19,1,0,0,0,1,0,0.42857142857142855,12,24,1,1,1,1
18,1,0,0,0,1,0,0.5714285714285714,163,4533,1,1,0,1
18,1,0,0,0,1,0,0.42857142857142855,1,1964,1,1,0,1
12,1,0,0,0,1,0,0.2857142857142857,3,66,0,1,0,1
21,1,0,0,0,1,0,0.3333333333333333,22,4683,1,1,0,1
22,1,0,0,0,1,0,0.4444444444444444,15,2214,1,1,1,1
16,1,0,0,0,1,0,0.36363636363636365,0,7,0,1,0,1
21,1,0,0,0,1,0,0.4444444444444444,5,542,0,1,0,1
13,1,0,0,0,1,0,0.5,5,7,0,1,0,1
21,1,0,0,0,1,0,0.4,5,3485,1,1,0,1
15,1,0,0,0,1,0,0.4444444444444444,8,16,1,1,0,1
17,1,0,0,0,1,0,0.46153846153846156,6,1987,0,1,0,1
17,1,0,0,0,1,0,0.5,14,59,0,1,0,1
17,1,0,0,0,1,0,0.42857142857142855,17,64,0,1,0,1
25,1,0,0,0,1,0,0.45454545454545453,4,558,0,1,0,1
20,1,0,0,0,1,0,0.5333333333333333,7,122,1,1,0,1
18,1,0,0,0,1,0,0.3333333333333333,8,103,0,1,1,1
20,2,0,0,0,1,0,1.0,4,156,0,0,0,1
24,1,0,0,0,1,0,0.4444444444444444,13,748,1,1,1,1
17,1,0,0,0,1,0,0.5333333333333333,30,226,1,1,1,1
16,1,0,0,0,1,0,0.46153846153846156,5,4365,1,1,1,1
22,1,0,0,0,1,0,0.375,10,462,0,1,2,1
16,1,0,0,0,1,0,0.4444444444444444,1,162,1,1,0,1
20,2,0,0,0,1,0,0.36363636363636365,0,64,0,1,1,1
21,1,0,0,0,1,0,0.375,13,258,1,1,4,1
18,1,0,0,0,1,0,0.3333333333333333,45,1030,1,1,0,1
15,1,0,0,0,1,0,0.36363636363636365,9,417,1,1,0,1
21,1,0,0,0,1,0,0.375,2,462,0,1,2,1
17,1,0,0,0,1,0,0.46153846153846156,3,109,0,1,0,1
15,1,0,0,0,1,0,0.2857142857142857,34,1436,1,1,0,1
16,1,0,0,0,1,0,0.4444444444444444,0,862,0,1,0,1
27,2,0,0,0,1,0,0.3333333333333333,12,343,1,1,0,1
21,1,0,0,0,1,0,0.35294117647058826,6,7566,1,1,0,1
15,1,0,0,0,1,0,0.36363636363636365,14,1529,1,1,1,1
13,1,0,0,0,1,0,0.2857142857142857,212,643,1,1,0,1
18,1,0,0,0,1,0,0.42857142857142855,0,711,0,1,0,1
15,1,0,0,0,1,0,0.36363636363636365,8,767,1,1,0,1
19,1,0,0,0,1,0,0.36363636363636365,8,248,1,1,0,1
18,1,0,0,0,1,0,0.375,18,665,1,1,0,1
20,1,0,0,0,1,0,0.5714285714285714,7,956,1,1,0,1
15,1,0,0,0,1,0,0.36363636363636365,13,170,1,1,0,1
18,1,0,0,0,1,0,0.5714285714285714,69,8,0,1,0,1
19,1,0,0,0,1,0,0.42857142857142855,31,429,1,1,2,1
16,1,0,0,0,1,0,0.3076923076923077,2,627,1,1,0,1
21,2,0,0,0,1,0,1.0,4,156,0,0,0,1
18,1,0,0,0,1,0,0.3333333333333333,6,961,1,1,0,1
18,1,0,0,0,1,0,0.36363636363636365,5,175,1,1,0,1
30,1,0,0,0,1,0,0.32,95,2693,1,1,0,1
15,1,0,0,0,1,0,0.4,46,68,1,1,0,1
20,1,0,0,0,1,0,0.47058823529411764,12,2662,1,1,1,1
18,1,0,0,0,1,0,0.42857142857142855,14,15076,1,1,1,1
18,1,0,0,0,1,0,0.3076923076923077,8,238,1,1,1,1
17,1,0,0,0,1,0,0.42857142857142855,3,1459,1,1,1,1
18,1,0,0,0,1,0,0.5454545454545454,105,41483,1,1,2,1
20,1,0,0,0,1,0,0.375,10,2702,1,1,0,1
18,1,0,0,0,1,0,0.3333333333333333,1,54,0,0,0,1
17,1,0,0,0,1,0,0.5714285714285714,94,6,0,1,1,1
16,1,0,0,0,1,0,0.46153846153846156,1,76,0,1,0,1
15,1,0,0,0,1,0,0.5454545454545454,16,163,1,1,0,1
22,1,0,0,0,1,0,0.35294117647058826,27,4447,1,1,0,1
22,1,0,0,0,1,0,0.375,10,20,1,1,0,1
22,1,0,0,0,1,0,0.4,44,404,1,1,1,1
16,1,1,0,0,1,0,0.6,0,14,0,0,0,1
13,1,0,0,0,1,0,0.4444444444444444,0,79,0,1,0,1
20,1,0,0,0,1,0,0.5333333333333333,0,439,0,1,0,1
16,1,0,0,0,1,0,0.4,1,865,0,1,0,1
18,1,0,0,0,1,0,0.4,4,989,1,1,1,1
23,1,0,0,0,1,0,0.42105263157894735,3,1985,1,1,0,1
16,1,0,0,0,1,0,0.3333333333333333,73,1135,1,1,0,1
14,1,0,0,0,1,0,0.36363636363636365,7,116,1,1,0,1
16,1,0,0,0,1,0,0.4,0,35,1,1,0,1
17,1,0,0,0,1,0,0.4,0,277,0,1,0,1
17,1,0,0,0,1,0,0.4444444444444444,17,101,0,1,0,1
20,1,0,0,0,1,0,0.3333333333333333,88,23,1,1,0,1
22,1,0,0,0,1,0,0.42105263157894735,68,1357,1,1,0,1
15,1,0,0,0,1,0,0.2857142857142857,15,147,1,1,0,1
22,1,0,0,0,1,0,0.47058823529411764,7,5,1,1,0,1
19,1,0,0,0,1,0,0.42857142857142855,16,7,1,1,0,1
18,1,0,0,0,1,0,0.375,158,1286,1,1,0,1
17,1,1,0,0,1,0,0.3333333333333333,150,2419,1,1,1,1
19,1,0,0,0,1,0,0.5555555555555556,39,11629,1,1,1,1
16,1,0,0,0,1,0,0.4,67,274,1,1,0,1
19,1,0,0,0,1,0,0.3076923076923077,12,2279,1,1,0,1
16,1,0,0,0,1,0,0.4,86,2881,1,1,1,1
16,1,0,0,0,1,0,0.3076923076923077,25,2588,1,1,1,1
17,1,0,0,0,1,0,0.4,12,757,1,1,0,1
19,1,0,0,0,1,0,0.42857142857142855,2,4618,0,0,0,1
19,1,0,0,0,1,0,0.375,26,532,0,1,0,1
17,1,0,0,0,1,0,0.42857142857142855,0,728,1,1,0,1
22,1,0,0,0,1,0,0.5,69,32,1,1,0,1
19,1,0,0,0,1,0,0.5,4,146,0,1,0,1
22,1,1,0,0,1,0,0.4444444444444444,2,29,0,1,0,1
23,1,0,0,0,1,0,0.3157894736842105,6,131,1,1,2,1
18,1,0,0,0,1,0,0.375,0,29,0,1,0,1
21,1,0,0,0,1,0,0.5,15,1648,1,1,0,1
18,1,0,0,0,1,0,0.2857142857142857,0,110,0,1,1,1
18,1,0,0,0,1,0,0.42857142857142855,17,197,1,1,0,1
17,1,0,0,0,1,0,0.42857142857142855,4,18,1,1,0,1
14,1,0,0,0,1,0,0.3333333333333333,44,2064,1,1,0,1
17,1,0,0,0,1,0,0.6,8,2878,1,1,0,1
19,1,0,0,0,1,0,0.4,10,9647,1,1,1,1
20,1,0,0,0,1,0,0.42857142857142855,4,2659,1,1,0,1
17,1,0,0,0,1,0,0.3333333333333333,13,3772,1,1,0,1
24,1,0,0,0,1,0,0.375,8,1042,1,1,0,1
21,1,0,0,0,1,0,0.6153846153846154,4,1371,1,1,0,1
25,1,0,0,0,1,0,0.47058823529411764,4,21,0,1,0,1
18,2,0,0,0,1,0,0.4444444444444444,38,4629,1,1,3,1
21,1,0,0,0,1,0,0.375,0,4225,1,1,1,1
19,1,0,0,0,1,0,0.42857142857142855,26,3808,1,1,0,1
21,1,0,0,0,1,0,0.47058823529411764,0,493,1,1,1,1
17,1,0,0,0,1,0,0.5,54,856,1,1,1,1
19,1,0,0,0,1,0,0.42857142857142855,20,5750,1,1,0,1
24,1,0,0,0,1,0,0.5,8,281,1,1,1,1
22,1,0,0,0,1,0,0.3157894736842105,27,854,1,1,0,1
17,1,0,0,0,1,0,0.3076923076923077,2,49,0,0,0,1
18,1,0,0,0,1,0,0.4,5,2693,1,1,0,1
20,1,0,0,0,1,0,0.4,12,7214,1,1,0,1
25,1,0,0,0,1,0,0.42105263157894735,27,4204,1,1,0,1
15,1,0,0,0,1,0,0.5714285714285714,7,1040,1,1,1,1
23,1,0,0,0,1,0,0.35294117647058826,57,514,1,1,0,1
19,1,0,0,0,1,0,0.5,9,1678,1,1,0,1
24,1,0,0,0,1,0,0.38095238095238093,26,1863,1,1,2,1
18,1,0,0,0,1,0,0.3333333333333333,32,16453,1,1,1,1
17,1,0,0,0,1,0,0.42857142857142855,32,3840,1,1,0,1
28,1,0,0,0,1,0,0.4,2,72,0,1,0,1
18,1,0,0,0,1,0,0.3333333333333333,7,1029,1,1,0,1
23,1,0,0,0,1,0,0.4444444444444444,36,11447,1,1,0,1
16,1,0,0,0,1,0,0.5714285714285714,20,2551,1,1,4,1
19,1,0,0,0,1,0,0.3076923076923077,2,1019,1,1,0,1
18,1,0,0,0,1,0,0.375,99,4683,1,1,0,1
19,1,0,0,0,1,0,0.46153846153846156,0,12,0,1,1,1
17,1,0,0,0,1,0,0.36363636363636365,35,4676,1,1,1,1
18,1,0,0,0,1,0,0.7272727272727273,5,385,1,1,0,1
27,2,0,0,0,1,0,0.3333333333333333,15,365,1,1,0,1
19,1,0,0,0,1,0,0.4,4,3838,1,1,0,1
17,1,0,0,0,1,0,0.4444444444444444,6,201,1,1,0,1
17,1,0,0,0,1,0,0.4,0,981,1,1,0,1
16,1,0,0,0,1,0,0.4,5,210,1,1,1,1
16,1,0,0,0,1,0,0.5,35,2095,1,1,0,1
20,1,0,0,0,1,0,0.5714285714285714,0,134,0,1,0,1
22,1,0,0,0,1,0,0.5333333333333333,9,2566,0,0,0,1
16,1,0,0,0,1,0,0.4,22,1246,1,1,0,1
19,1,0,0,0,1,0,0.7142857142857143,35,1424,1,1,1,1
20,1,0,0,0,1,0,0.4,10,680,1,1,0,1
21,1,0,0,0,1,0,0.42857142857142855,73,6721,1,1,0,1
30,1,0,0,0,1,0,0.37037037037037035,32,240,1,1,0,1
22,1,0,0,0,1,0,0.47058823529411764,20,36,1,1,1,1
19,1,0,0,0,1,0,0.47058823529411764,29,359,1,1,1,1
16,1,0,0,0,1,0,0.25,16,136,0,1,0,1
15,1,0,0,0,1,0,0.4,0,2299,1,1,0,1
20,1,0,0,0,1,0,0.5333333333333333,1,5803,0,1,0,1
15,1,0,0,0,1,0,0.5454545454545454,0,139,0,1,0,1
15,1,0,0,0,1,0,0.5454545454545454,6,26,1,1,2,1
19,1,0,0,0,1,0,0.5,50,20000,1,1,0,1
22,1,0,0,0,1,0,0.4444444444444444,24,105,1,1,1,1
18,1,0,0,0,1,0,0.4,99,17015,1,1,1,1
23,1,0,2,0,1,0,0.5333333333333333,10,90,0,1,1,1
20,2,0,0,0,1,0,0.4,19,1116,1,1,1,1
14,1,0,0,0,1,0,0.3333333333333333,3,1046,0,1,1,1
16,1,0,0,0,1,0,0.36363636363636365,2,508,1,1,0,1
18,1,0,0,0,1,0,0.35294117647058826,30,2929,1,1,0,1
16,1,0,0,0,1,0,0.2222222222222222,9,931,1,1,0,1
20,1,0,0,0,1,0,0.46153846153846156,12,6009,0,1,1,1
23,1,0,0,0,1,0,0.3157894736842105,51,7372,1,1,2,1
17,1,0,0,0,1,0,0.3333333333333333,19,298,1,1,2,1
23,1,0,0,0,1,0,0.35294117647058826,14,24,1,1,0,1
30,1,0,0,0,1,0,0.32,36,617,1,1,0,1
19,1,0,0,0,1,0,0.4,92,112,1,1,1,1
22,1,0,0,0,1,0,0.4,30,2685,1,1,1,1
